Stock,SymbolABB India Limited,ABBACC Limited,ACCAPL Apollo Tubes Limited,APLAPOLLOAU Small Finance Bank Limited,AUBANKAarti Industries Limited,AARTIINDAdani Energy Solutions Limited,ADANIENSOLAdani Enterprises Limited,ADANIENTAdani Green Energy Limited,ADANIGREENAdani Ports and Special Economic Zone Limited,ADANIPORTSAdani Total Gas Limited,ATGLAditya Birla Capital Limited,ABCAPITALAditya Birla Fashion and Retail Limited,ABFRLAlkem Laboratories Limited,ALKEMAmbuja Cements Limited,AMBUJACEMAngel One Limited,ANGELONEApollo Hospitals Enterprise Limited,APOLLOHOSPApollo Tyres Limited,APOLLOTYREAshok Leyland Limited,ASHOKLEYAsian Paints Limited,ASIANPAINTAstral Limited,ASTRALAurobindo Pharma Limited,AUROPHARMAAvenue Supermarts Limited,DMARTAxis Bank Limited,AXISBANKBIRLASOFT LIMITED,BSOFTBSE Limited,BSEBajaj Auto Limited,BAJAJ-AUTOBajaj Finance Limited,BAJFINANCEBajaj Finserv Limited,BAJAJFINSVBalkrishna Industries Limited,BALKRISINDBandhan Bank Limited,BANDHANBNKBank of Baroda,BANKBARODABank of India,BANKINDIABerger Paints (I) Limited,BERGEPAINTBharat Electronics Limited,BELBharat Forge Limited,BHARATFORGBharat Heavy Electricals Limited,BHELBharat Petroleum Corporation Limited,BPCLBharti Airtel Limited,BHARTIARTLBiocon Limited,BIOCONBosch Limited,BOSCHLTDBritannia Industries Limited,BRITANNIACESC Limited,CESCCG Power and Industrial Solutions Limited,CGPOWERCanara Bank,CANBKCentral Depository Services (India) Limited,CDSLChambal Fertilizers & Chemicals Limited,CHAMBLFERTCholamandalam Investment and Finance Company Limited,CHOLAFINCipla Limited,CIPLACoal India Limited,COALINDIACoforge Limited,COFORGEColgate Palmolive (India) Limited,COLPALComputer Age Management Services Limited,CAMSContainer Corporation of India Limited,CONCORCrompton Greaves Consumer Electricals Limited,CROMPTONCummins India Limited,CUMMINSINDCyient Limited,CYIENTDLF Limited,DLFDabur India Limited,DABURDalmia Bharat Limited,DALBHARATDeepak Nitrite Limited,DEEPAKNTRDelhivery Limited,DELHIVERYDivi's Laboratories Limited,DIVISLABDixon Technologies (India) Limited,DIXONDr. Reddy's Laboratories Limited,DRREDDYEicher Motors Limited,EICHERMOTEscorts Kubota Limited,ESCORTSExide Industries Limited,EXIDEINDFSN E-Commerce Ventures Limited,NYKAAGAIL (India) Limited,GAILGMR AIRPORTS LIMITED,GMRAIRPORTGlenmark Pharmaceuticals Limited,GLENMARKGodrej Consumer Products Limited,GODREJCPGodrej Properties Limited,GODREJPROPGranules India Limited,GRANULESGrasim Industries Limited,GRASIMHCL Technologies Limited,HCLTECHHDFC Asset Management Company Limited,HDFCAMCHDFC Bank Limited,HDFCBANKHDFC Life Insurance Company Limited,HDFCLIFEHFCL Limited,HFCLHavells India Limited,HAVELLSHero MotoCorp Limited,HEROMOTOCOHindalco Industries Limited,HINDALCOHindustan Aeronautics Limited,HALHindustan Copper Limited,HINDCOPPERHindustan Petroleum Corporation Limited,HINDPETROHindustan Unilever Limited,HINDUNILVRHousing & Urban Development Corporation Limited,HUDCOICICI Bank Limited,ICICIBANKICICI Lombard General Insurance Company Limited,ICICIGIICICI Prudential Life Insurance Company Limited,ICICIPRULIIDFC First Bank Limited,IDFCFIRSTBIIFL Finance Limited,IIFLIRB Infrastructure Developers Limited,IRBITC Limited,ITCIndian Bank,INDIANBIndian Energy Exchange Limited,IEXIndian Oil Corporation Limited,IOCIndian Railway Catering And Tourism Corporation Limited,IRCTCIndian Railway Finance Corporation Limited,IRFCIndian Renewable Energy Development Agency Limited,IREDAIndraprastha Gas Limited,IGLIndus Towers Limited,INDUSTOWERIndusInd Bank Limited,INDUSINDBKInfo Edge (India) Limited,NAUKRIInfosys Limited,INFYInterGlobe Aviation Limited,INDIGOJK Cement Limited,JKCEMENTJSW Energy Limited,JSWENERGYJSW Steel Limited,JSWSTEELJindal Stainless Limited,JSLJindal Steel & Power Limited,JINDALSTELJio Financial Services Limited,JIOFINJubilant Foodworks Limited,JUBLFOODKEI Industries Limited,KEIKPIT Technologies Limited,KPITTECHKalyan Jewellers India Limited,KALYANKJILKotak Mahindra Bank Limited,KOTAKBANKL&T Finance Limited,LTFL&T Technology Services Limited,LTTSLIC Housing Finance Limited,LICHSGFINLTIMindtree Limited,LTIMLarsen & Toubro Limited,LTLaurus Labs Limited,LAURUSLABSLife Insurance Corporation Of India,LICILupin Limited,LUPINMRF Limited,MRFMacrotech Developers Limited,LODHAMahanagar Gas Limited,MGLMahindra & Mahindra Financial Services Limited,M&MFINMahindra & Mahindra Limited,M&MManappuram Finance Limited,MANAPPURAMMarico Limited,MARICOMaruti Suzuki India Limited,MARUTIMax Financial Services Limited,MFSLMax Healthcare Institute Limited,MAXHEALTHMphasiS Limited,MPHASISMulti Commodity Exchange of India Limited,MCXMuthoot Finance Limited,MUTHOOTFINNBCC (India) Limited,NBCCNCC Limited,NCCNHPC Limited,NHPCNMDC Limited,NMDCNTPC Limited,NTPCNational Aluminium Company Limited,NATIONALUMNestle India Limited,NESTLEINDOberoi Realty Limited,OBEROIRLTYOil & Natural Gas Corporation Limited,ONGCOil India Limited,OILOne 97 Communications Limited,PAYTMOracle Financial Services Software Limited,OFSSPB Fintech Limited,POLICYBZRPI Industries Limited,PIINDPage Industries Limited,PAGEINDPatanjali Foods Limited,PATANJALIPersistent Systems Limited,PERSISTENTPetronet LNG Limited,PETRONETPidilite Industries Limited,PIDILITINDPiramal Enterprises Limited,PELPolycab India Limited,POLYCABPoonawalla Fincorp Limited,POONAWALLAPower Finance Corporation Limited,PFCPower Grid Corporation of India Limited,POWERGRIDPrestige Estates Projects Limited,PRESTIGEPunjab National Bank,PNBRBL Bank Limited,RBLBANKREC Limited,RECLTDReliance Industries Limited,RELIANCESBI Cards and Payment Services Limited,SBICARDSBI Life Insurance Company Limited,SBILIFESHREE CEMENT LIMITED,SHREECEMSJVN Limited,SJVNSRF Limited,SRFSamvardhana Motherson International Limited,MOTHERSONShriram Finance Limited,SHRIRAMFINSiemens Limited,SIEMENSSolar Industries India Limited,SOLARINDSSona BLW Precision Forgings Limited,SONACOMSState Bank of India,SBINSteel Authority of India Limited,SAILSun Pharmaceutical Industries Limited,SUNPHARMASupreme Industries Limited,SUPREMEINDSyngene International Limited,SYNGENETATA CONSUMER PRODUCTS LIMITED,TATACONSUMTITAGARH RAIL SYSTEMS LIMITED,TITAGARHTVS Motor Company Limited,TVSMOTORTata Chemicals Limited,TATACHEMTata Communications Limited,TATACOMMTata Consultancy Services Limited,TCSTata Elxsi Limited,TATAELXSITata Motors Limited,TATAMOTORSTata Power Company Limited,TATAPOWERTata Steel Limited,TATASTEELTata Technologies Limited,TATATECHTech Mahindra Limited,TECHMThe Federal Bank Limited,FEDERALBNKThe Indian Hotels Company Limited,INDHOTELThe Phoenix Mills Limited,PHOENIXLTDThe Ramco Cements Limited,RAMCOCEMTitan Company Limited,TITANTorrent Pharmaceuticals Limited,TORNTPHARMTorrent Power Limited,TORNTPOWERTrent Limited,TRENTTube Investments of India Limited,TIINDIAUPL Limited,UPLUltraTech Cement Limited,ULTRACEMCOUnion Bank of India,UNIONBANKUnited Spirits Limited,UNITDSPRVarun Beverages Limited,VBLVedanta Limited,VEDLVodafone Idea Limited,IDEAVoltas Limited,VOLTASWipro Limited,WIPROYes Bank Limited,YESBANKZomato Limited,ZOMATOZydus Lifesciences Limited,ZYDUSLIFE
